﻿pos_x,pos_y,rotation,side,designator,mpn,pack,value,mount_type,place
165.735,-68.025,-90.0,top,C1,,C_Disc_D4.3mm_W1.9mm_P5.00mm,100nF,tht,True
170.18,-68.58,-90.0,top,C2,,CP_Radial_D5.0mm_P2.50mm,10uF,tht,True
186.69,-68.58,-90.0,top,C3,,CP_Radial_D5.0mm_P2.50mm,10uF,tht,True
194.865,-73.025,180.0,top,C4,,C_Disc_D4.3mm_W1.9mm_P5.00mm,100nF,tht,True
160.655,-74.93,180.0,top,C5,,C_Disc_D4.3mm_W1.9mm_P5.00mm,100nF,tht,True
177.165,-74.93,180.0,top,C6,,C_Disc_D4.3mm_W1.9mm_P5.00mm,100nF,tht,True
195.58,-78.105,0.0,top,J1,,PinHeader_1x02_P2.54mm_Vertical,composite video,tht,True
182.88,-80.645,-90.0,top,J10,,PinHeader_1x02_P2.54mm_Vertical,ground if unused,tht,True
182.88,-85.725,-90.0,top,J11,,PinHeader_1x02_P2.54mm_Vertical,ground if unused,tht,True
180.975,-64.77,-90.0,top,J12,,PinHeader_1x03_P2.54mm_Vertical,power in,tht,True
162.56,-66.04,0.0,top,J2,,PinHeader_1x01_P2.54mm_Vertical,Video in,tht,True
147.32,-94.615,90.0,top,J3,,PinHeader_1x02_P2.54mm_Vertical,Video polarity,tht,True
147.32,-76.835,90.0,top,J4,,PinHeader_1x02_P2.54mm_Vertical,Hsync polarity,tht,True
147.32,-85.725,90.0,top,J5,,PinHeader_1x02_P2.54mm_Vertical,Vsync polarity,tht,True
149.86,-66.04,0.0,top,J6,,PinHeader_1x01_P2.54mm_Vertical,Hsync in,tht,True
156.21,-66.04,0.0,top,J7,,PinHeader_1x01_P2.54mm_Vertical,Vsync in,tht,True
163.83,-88.265,90.0,top,J8,,PinHeader_1x02_P2.54mm_Vertical,ground if unused,tht,True
182.88,-93.345,-90.0,top,J9,,PinHeader_1x02_P2.54mm_Vertical,ground if unused,tht,True
188.595,-85.725,90.0,top,Q1,,TO-92_Wide,PN2222A,tht,True
195.58,-91.44,90.0,top,R1,,R_Axial_DIN0207_L6.3mm_D2.5mm_P7.62mm_Horizontal,150R,tht,True
193.04,-91.44,90.0,top,R2,,R_Axial_DIN0207_L6.3mm_D2.5mm_P7.62mm_Horizontal,75R,tht,True
180.34,-89.535,0.0,top,R3,,R_Axial_DIN0207_L6.3mm_D2.5mm_P7.62mm_Horizontal,680R,tht,True
180.34,-76.2,0.0,top,R4,,R_Axial_DIN0207_L6.3mm_D2.5mm_P7.62mm_Horizontal,1K,tht,True
150.495,-90.805,180.0,top,R5,,R_Axial_DIN0207_L6.3mm_D2.5mm_P7.62mm_Horizontal,4K7,tht,True
150.495,-73.025,180.0,top,R6,,R_Axial_DIN0207_L6.3mm_D2.5mm_P7.62mm_Horizontal,4K7,tht,True
150.495,-81.915,180.0,top,R7,,R_Axial_DIN0207_L6.3mm_D2.5mm_P7.62mm_Horizontal,4K7,tht,True
153.035,-78.105,0.0,top,U1,,DIP-14_W7.62mm,74LS86,tht,True
175.895,-70.485,0.0,top,U2,,TO-220-3_Vertical,L7805,tht,True
169.545,-78.105,0.0,top,U3,,DIP-14_W7.62mm,74LS04,tht,True
