﻿designator,quantity,value,pack,mpn,mount_type
"C1, C4, C5, C6",4,100nF,C_Disc_D4.3mm_W1.9mm_P5.00mm,,tht
"C2, C3",2,10uF,CP_Radial_D5.0mm_P2.50mm,,tht
J1,1,composite video,PinHeader_1x02_P2.54mm_Vertical,,tht
"J10, J11, J8, J9",4,ground if unused,PinHeader_1x02_P2.54mm_Vertical,,tht
J12,1,power in,PinHeader_1x03_P2.54mm_Vertical,,tht
J2,1,Video in,PinHeader_1x01_P2.54mm_Vertical,,tht
J3,1,Video polarity,PinHeader_1x02_P2.54mm_Vertical,,tht
J4,1,Hsync polarity,PinHeader_1x02_P2.54mm_Vertical,,tht
J5,1,Vsync polarity,PinHeader_1x02_P2.54mm_Vertical,,tht
J6,1,Hsync in,PinHeader_1x01_P2.54mm_Vertical,,tht
J7,1,Vsync in,PinHeader_1x01_P2.54mm_Vertical,,tht
Q1,1,PN2222A,TO-92_Wide,,tht
R1,1,150R,R_Axial_DIN0207_L6.3mm_D2.5mm_P7.62mm_Horizontal,,tht
R2,1,75R,R_Axial_DIN0207_L6.3mm_D2.5mm_P7.62mm_Horizontal,,tht
R3,1,680R,R_Axial_DIN0207_L6.3mm_D2.5mm_P7.62mm_Horizontal,,tht
R4,1,1K,R_Axial_DIN0207_L6.3mm_D2.5mm_P7.62mm_Horizontal,,tht
"R5, R6, R7",3,4K7,R_Axial_DIN0207_L6.3mm_D2.5mm_P7.62mm_Horizontal,,tht
U1,1,74LS86,DIP-14_W7.62mm,,tht
U2,1,L7805,TO-220-3_Vertical,,tht
U3,1,74LS04,DIP-14_W7.62mm,,tht
