﻿designator,quantity,value,pack,mpn,mount_type
"C1, C2, C3, C4, C5, C6, C7",7,100nF,C_Disc_D3.8mm_W2.6mm_P2.50mm,,tht
"C8, C9",2,10uF,CP_Radial_D5.0mm_P2.50mm,,tht
D1,1,Shift LED,LED_D3.0mm,,tht
D2,1,Control LED,LED_D3.0mm,,tht
"J1, J2, J3, J4",4,Conn_01x02_Pin,PinHeader_1x02_P2.54mm_Vertical,,tht
J10,1,parallel ascii,amphenol db25,,tht
J11,1,apple 2e platinum,PinHeader_2x13_P2.54mm_Vertical,,tht
J5,1,invert strobe,PinHeader_1x02_P2.54mm_Vertical,,tht
J6,1,invert busy,PinHeader_1x02_P2.54mm_Vertical,,tht
J7,1,reset,PinHeader_1x02_P2.54mm_Vertical,,tht
J8,1,power in,PinHeader_1x03_P2.54mm_Vertical,,tht
J9,1,parallel ascii,PinHeader_2x13_P2.54mm_Vertical,,tht
"R1, R2, R20, R21, R24, R25, R3",7,4.7K,R_Axial_DIN0207_L6.3mm_D2.5mm_P10.16mm_Horizontal,,tht
"RN1, RN2",2,10K,R_Array_SIP10,,tht
U1,1,74LS138,DIP-16_W7.62mm,,tht
U2,1,74LS86,DIP-14_W7.62mm,,tht
U3,1,74AHCT595,DIP-16_W7.62mm,,tht
"U4, U5",2,74HCT597,DIP-16_W7.62mm,,tht
U6,1,Arduino Pro Mini,Arduino Pro Mini ver. A,,tht
U7,1,L7805,TO-220-3_Horizontal_TabDown,,tht
