﻿pos_x,pos_y,rotation,side,designator,mpn,pack,value,mount_type,place
167.64,-62.23,180.0,top,C1,,C_Disc_D3.8mm_W2.6mm_P2.50mm,100nF,tht,True
213.36,-59.69,180.0,top,C2,,C_Disc_D3.8mm_W2.6mm_P2.50mm,100nF,tht,True
223.52,-36.83,180.0,top,C3,,C_Disc_D3.8mm_W2.6mm_P2.50mm,100nF,tht,True
152.4,-34.29,180.0,top,C4,,C_Disc_D3.8mm_W2.6mm_P2.50mm,100nF,tht,True
152.4,-62.23,180.0,top,C5,,C_Disc_D3.8mm_W2.6mm_P2.50mm,100nF,tht,True
189.23,-35.56,90.0,top,C6,,C_Disc_D3.8mm_W2.6mm_P2.50mm,100nF,tht,True
194.31,-30.48,-90.0,top,C7,,C_Disc_D3.8mm_W2.6mm_P2.50mm,100nF,tht,True
187.96,-27.98,-90.0,top,C8,,CP_Radial_D5.0mm_P2.50mm,10uF,tht,True
182.88,-35.56,90.0,top,C9,,CP_Radial_D5.0mm_P2.50mm,10uF,tht,True
167.64,-26.67,-90.0,top,D1,,LED_D3.0mm,Shift LED,tht,True
161.29,-26.67,-90.0,top,D2,,LED_D3.0mm,Control LED,tht,True
219.71,-76.2,90.0,top,J1,,PinHeader_1x02_P2.54mm_Vertical,Conn_01x02_Pin,tht,True
243.84,-40.64,90.0,top,J10,,amphenol db25,parallel ascii,tht,True
130.81,-45.72,0.0,top,J11,,PinHeader_2x13_P2.54mm_Vertical,apple 2e platinum,tht,True
219.71,-73.66,90.0,top,J2,,PinHeader_1x02_P2.54mm_Vertical,Conn_01x02_Pin,tht,True
219.71,-68.58,90.0,top,J3,,PinHeader_1x02_P2.54mm_Vertical,Conn_01x02_Pin,tht,True
219.71,-66.04,90.0,top,J4,,PinHeader_1x02_P2.54mm_Vertical,Conn_01x02_Pin,tht,True
201.93,-63.5,90.0,top,J5,,PinHeader_1x02_P2.54mm_Vertical,invert strobe,tht,True
201.93,-71.12,90.0,top,J6,,PinHeader_1x02_P2.54mm_Vertical,invert busy,tht,True
226.695,-68.58,180.0,top,J7,,PinHeader_1x02_P2.54mm_Vertical,reset,tht,True
175.26,-29.21,0.0,top,J8,,PinHeader_1x03_P2.54mm_Vertical,power in,tht,True
233.68,-40.64,0.0,top,J9,,PinHeader_2x13_P2.54mm_Vertical,parallel ascii,tht,True
205.74,-59.69,90.0,top,R1,,R_Axial_DIN0207_L6.3mm_D2.5mm_P10.16mm_Horizontal,4.7K,tht,True
201.93,-59.69,90.0,top,R2,,R_Axial_DIN0207_L6.3mm_D2.5mm_P10.16mm_Horizontal,4.7K,tht,True
193.04,-78.74,0.0,top,R20,,R_Axial_DIN0207_L6.3mm_D2.5mm_P10.16mm_Horizontal,4.7K,tht,True
193.04,-82.55,0.0,top,R21,,R_Axial_DIN0207_L6.3mm_D2.5mm_P10.16mm_Horizontal,4.7K,tht,True
167.64,-31.75,-90.0,top,R24,,R_Axial_DIN0207_L6.3mm_D2.5mm_P10.16mm_Horizontal,4.7K,tht,True
161.29,-31.75,-90.0,top,R25,,R_Axial_DIN0207_L6.3mm_D2.5mm_P10.16mm_Horizontal,4.7K,tht,True
208.28,-83.82,0.0,top,R3,,R_Axial_DIN0207_L6.3mm_D2.5mm_P10.16mm_Horizontal,4.7K,tht,True
144.145,-33.02,-90.0,top,RN1,,R_Array_SIP10,10K,tht,True
144.145,-60.96,-90.0,top,RN2,,R_Array_SIP10,10K,tht,True
162.56,-66.04,0.0,top,U1,,DIP-16_W7.62mm,74LS138,tht,True
208.28,-63.5,0.0,top,U2,,DIP-14_W7.62mm,74LS86,tht,True
218.44,-40.64,0.0,top,U3,,DIP-16_W7.62mm,74AHCT595,tht,True
147.32,-38.1,0.0,top,U4,,DIP-16_W7.62mm,74HCT597,tht,True
147.32,-66.04,0.0,top,U5,,DIP-16_W7.62mm,74HCT597,tht,True
177.8,-45.72,0.0,top,U6,,Arduino Pro Mini ver. A,Arduino Pro Mini,tht,True
198.12,-30.48,-90.0,top,U7,,TO-220-3_Horizontal_TabDown,L7805,tht,True
