﻿pos_x,pos_y,rotation,side,designator,mpn,pack,value,mount_type,place
106.974,-120.182,180.0,bottom,C1,,C_0603_1608Metric,100nF,smt,True
157.266,-120.182,180.0,bottom,C10,,C_0603_1608Metric,100nF,smt,True
162.219,-120.182,180.0,bottom,C11,,C_0603_1608Metric,100nF,smt,True
167.299,-120.182,180.0,bottom,C12,,C_0603_1608Metric,100nF,smt,True
174.792,-120.182,180.0,bottom,C13,,C_0603_1608Metric,100nF,smt,True
179.872,-120.182,180.0,bottom,C14,,C_0603_1608Metric,100nF,smt,True
184.825,-120.182,180.0,bottom,C15,,C_0603_1608Metric,100nF,smt,True
189.918,-120.182,180.0,bottom,C16,,C_0603_1608Metric,100nF,smt,True
126.238,-92.456,0.0,top,C17,,C_0603_1608Metric,10uF,smt,True
111.927,-120.182,180.0,bottom,C2,,C_0603_1608Metric,100nF,smt,True
116.88,-120.182,180.0,bottom,C3,,C_0603_1608Metric,100nF,smt,True
121.833,-120.182,180.0,bottom,C4,,C_0603_1608Metric,100nF,smt,True
129.58,-120.055,180.0,bottom,C5,,C_0603_1608Metric,100nF,smt,True
134.533,-120.055,180.0,bottom,C6,,C_0603_1608Metric,100nF,smt,True
139.486,-120.055,180.0,bottom,C7,,C_0603_1608Metric,100nF,smt,True
144.566,-120.055,180.0,bottom,C8,,C_0603_1608Metric,100nF,smt,True
152.186,-120.182,180.0,bottom,C9,,C_0603_1608Metric,100nF,smt,True
197.946,-125.313,0.0,top,J1,,"TerminalBlock_Phoenix_MKDS-1,5-2_1x02_P5.00mm_Horizontal",power in,tht,True
131.826,-92.71,0.0,top,J10,,PinHeader_1x01_P2.54mm_Vertical,Conn_01x01,tht,True
108.364,-125.44,0.0,top,J2,,"TerminalBlock_Phoenix_MKDS-1,5-4_1x04_P5.00mm_Horizontal",Conn_01x04,tht,True
131.097,-125.313,0.0,top,J3,,"TerminalBlock_Phoenix_MKDS-1,5-4_1x04_P5.00mm_Horizontal",Conn_01x04,tht,True
153.703,-125.313,0.0,top,J4,,"TerminalBlock_Phoenix_MKDS-1,5-4_1x04_P5.00mm_Horizontal",Conn_01x04,tht,True
176.309,-125.313,0.0,top,J5,,"TerminalBlock_Phoenix_MKDS-1,5-4_1x04_P5.00mm_Horizontal",Conn_01x04,tht,True
99.0,-95.544,180.0,top,J6,,PinHeader_1x04_P2.54mm_Vertical,to qwiic breakout,tht,True
110.236,-83.82,180.0,top,J7,,JST_SH_SM04B-SRSS-TB_1x04-1MP_P1.00mm_Horizontal,qwiic 1,smt,True
102.235,-83.82,180.0,top,J8,,JST_SH_SM04B-SRSS-TB_1x04-1MP_P1.00mm_Horizontal,qwiic 2,smt,True
135.128,-87.63,0.0,top,J9,,PinHeader_1x01_P2.54mm_Vertical,Conn_01x01,tht,True
116.713,-85.852,90.0,top,JP1,,SolderJumper-2_P1.3mm_Open_RoundedPad1.0x1.5mm,Jumper_2_Open,tht,True
119.38,-85.852,90.0,top,JP2,,SolderJumper-2_P1.3mm_Open_RoundedPad1.0x1.5mm,Jumper_2_Open,tht,True
122.047,-85.852,90.0,top,JP3,,SolderJumper-2_P1.3mm_Open_RoundedPad1.0x1.5mm,Jumper_2_Open,tht,True
124.714,-85.852,90.0,top,JP4,,SolderJumper-2_P1.3mm_Open_RoundedPad1.0x1.5mm,Jumper_2_Open,tht,True
127.381,-85.852,90.0,top,JP5,,SolderJumper-2_P1.3mm_Open_RoundedPad1.0x1.5mm,Jumper_2_Open,tht,True
130.048,-85.852,90.0,top,JP6,,SolderJumper-2_P1.3mm_Open_RoundedPad1.0x1.5mm,Jumper_2_Open,tht,True
108.585,-105.079,180.0,top,R1,,R_0603_1608Metric,220,smt,True
158.877,-105.206,180.0,top,R10,,R_0603_1608Metric,220,smt,True
163.957,-105.206,180.0,top,R11,,R_0603_1608Metric,220,smt,True
169.037,-105.206,180.0,top,R12,,R_0603_1608Metric,220,smt,True
176.403,-105.206,180.0,top,R13,,R_0603_1608Metric,220,smt,True
181.483,-105.206,180.0,top,R14,,R_0603_1608Metric,220,smt,True
186.563,-105.206,180.0,top,R15,,R_0603_1608Metric,220,smt,True
191.643,-105.206,180.0,top,R16,,R_0603_1608Metric,220,smt,True
106.974,-121.833,180.0,bottom,R17,,R_0603_1608Metric,10k,smt,True
111.927,-121.833,180.0,bottom,R18,,R_0603_1608Metric,10k,smt,True
116.88,-121.833,180.0,bottom,R19,,R_0603_1608Metric,10k,smt,True
113.538,-105.079,180.0,top,R2,,R_0603_1608Metric,220,smt,True
121.833,-121.833,180.0,bottom,R20,,R_0603_1608Metric,10k,smt,True
129.58,-121.706,180.0,bottom,R21,,R_0603_1608Metric,10k,smt,True
134.533,-121.706,180.0,bottom,R22,,R_0603_1608Metric,10k,smt,True
139.486,-121.706,180.0,bottom,R23,,R_0603_1608Metric,10k,smt,True
144.566,-121.706,180.0,bottom,R24,,R_0603_1608Metric,10k,smt,True
152.186,-121.833,180.0,bottom,R25,,R_0603_1608Metric,10k,smt,True
157.266,-121.833,180.0,bottom,R26,,R_0603_1608Metric,10k,smt,True
162.219,-121.833,180.0,bottom,R27,,R_0603_1608Metric,10k,smt,True
167.299,-121.833,180.0,bottom,R28,,R_0603_1608Metric,10k,smt,True
174.792,-121.833,180.0,bottom,R29,,R_0603_1608Metric,10k,smt,True
118.618,-105.079,180.0,top,R3,,R_0603_1608Metric,220,smt,True
179.872,-121.833,180.0,bottom,R30,,R_0603_1608Metric,10k,smt,True
184.825,-121.833,180.0,bottom,R31,,R_0603_1608Metric,10k,smt,True
189.905,-121.833,180.0,bottom,R32,,R_0603_1608Metric,10k,smt,True
116.713,-82.58,90.0,top,R33,,R_0603_1608Metric,10k,smt,True
119.38,-82.565,90.0,top,R34,,R_0603_1608Metric,10k,smt,True
122.047,-82.565,90.0,top,R35,,R_0603_1608Metric,10k,smt,True
124.714,-82.565,90.0,top,R36,,R_0603_1608Metric,10k,smt,True
127.381,-82.58,90.0,top,R37,,R_0603_1608Metric,10k,smt,True
130.048,-82.565,90.0,top,R38,,R_0603_1608Metric,10k,smt,True
123.408,-94.655,0.0,top,R39,,R_0603_1608Metric,10k,smt,True
123.571,-105.079,180.0,top,R4,,R_0603_1608Metric,220,smt,True
106.934,-118.618,180.0,top,R40,,R_0603_1608Metric,0,smt,True
111.887,-118.618,180.0,top,R41,,R_0603_1608Metric,0,smt,True
116.84,-118.618,180.0,top,R42,,R_0603_1608Metric,0,smt,True
121.793,-118.618,180.0,top,R43,,R_0603_1608Metric,0,smt,True
129.54,-118.491,180.0,top,R44,,R_0603_1608Metric,0,smt,True
134.493,-118.491,180.0,top,R45,,R_0603_1608Metric,0,smt,True
139.446,-118.491,180.0,top,R46,,R_0603_1608Metric,0,smt,True
144.526,-118.491,180.0,top,R47,,R_0603_1608Metric,0,smt,True
152.146,-118.618,180.0,top,R48,,R_0603_1608Metric,0,smt,True
157.226,-118.618,180.0,top,R49,,R_0603_1608Metric,0,smt,True
131.191,-105.079,180.0,top,R5,,R_0603_1608Metric,220,smt,True
162.179,-118.618,180.0,top,R50,,R_0603_1608Metric,0,smt,True
167.259,-118.618,180.0,top,R51,,R_0603_1608Metric,0,smt,True
174.752,-118.618,180.0,top,R52,,R_0603_1608Metric,0,smt,True
179.832,-118.618,180.0,top,R53,,R_0603_1608Metric,0,smt,True
184.785,-118.618,180.0,top,R54,,R_0603_1608Metric,0,smt,True
189.865,-118.618,180.0,top,R55,,R_0603_1608Metric,0,smt,True
136.271,-105.079,180.0,top,R6,,R_0603_1608Metric,220,smt,True
141.351,-105.079,180.0,top,R7,,R_0603_1608Metric,220,smt,True
146.304,-105.079,180.0,top,R8,,R_0603_1608Metric,220,smt,True
153.797,-105.206,180.0,top,R9,,R_0603_1608Metric,220,smt,True
116.078,-111.821,-90.0,top,U1,,OPTO_ILQ620GB-X009,ILQ620GB-X009,tht,True
138.811,-111.821,-90.0,top,U2,,OPTO_ILQ620GB-X009,ILQ620GB-X009,tht,True
161.417,-111.937,-90.0,top,U3,,OPTO_ILQ620GB-X009,ILQ620GB-X009,tht,True
184.023,-111.937,-90.0,top,U4,,OPTO_ILQ620GB-X009,ILQ620GB-X009,tht,True
117.185,-96.059,0.0,top,U5,,TSSOP-28_4.4x9.7mm_P0.65mm,PCA9685PW,smt,True
