﻿designator,quantity,value,pack,mpn,mount_type
"C1, C10, C11, C12, C13, C14, C15, C16, C2, C3, C4, C5, C6, C7, C8, C9",16,100nF,C_0603_1608Metric,,smt
C17,1,10uF,C_0603_1608Metric,,smt
J1,1,power in,"TerminalBlock_Phoenix_MKDS-1,5-2_1x02_P5.00mm_Horizontal",,tht
"J10, J9",2,Conn_01x01,PinHeader_1x01_P2.54mm_Vertical,,tht
"J2, J3, J4, J5",4,Conn_01x04,"TerminalBlock_Phoenix_MKDS-1,5-4_1x04_P5.00mm_Horizontal",,tht
J6,1,to qwiic breakout,PinHeader_1x04_P2.54mm_Vertical,,tht
J7,1,qwiic 1,JST_SH_SM04B-SRSS-TB_1x04-1MP_P1.00mm_Horizontal,,smt
J8,1,qwiic 2,JST_SH_SM04B-SRSS-TB_1x04-1MP_P1.00mm_Horizontal,,smt
"JP1, JP2, JP3, JP4, JP5, JP6",6,Jumper_2_Open,SolderJumper-2_P1.3mm_Open_RoundedPad1.0x1.5mm,,tht
"R1, R10, R11, R12, R13, R14, R15, R16, R2, R3, R4, R5, R6, R7, R8, R9",16,220,R_0603_1608Metric,,smt
"R17, R18, R19, R20, R21, R22, R23, R24, R25, R26, R27, R28, R29, R30, R31, R32, R33, R34, R35, R36, R37, R38, R39",23,10k,R_0603_1608Metric,,smt
"R40, R41, R42, R43, R44, R45, R46, R47, R48, R49, R50, R51, R52, R53, R54, R55",16,0,R_0603_1608Metric,,smt
"U1, U2, U3, U4",4,ILQ620GB-X009,OPTO_ILQ620GB-X009,,tht
U5,1,PCA9685PW,TSSOP-28_4.4x9.7mm_P0.65mm,,smt
