﻿pos_x,pos_y,rotation,side,designator,mpn,pack,value,mount_type,place
154.94,-96.52,180.0,top,C1,,C_0603_1608Metric,0.1uF,smt,True
155.575,-104.14,180.0,top,C2,,CP_Radial_D5.0mm_P2.50mm,1uF,tht,True
166.37,-97.79,0.0,top,C3,,C_0603_1608Metric,0.1uF,smt,True
167.069888,-104.14,0.0,top,C4,,CP_Radial_D5.0mm_P2.50mm,1uF,tht,True
179.07,-100.965,0.0,top,J1,,PinHeader_1x04_P2.54mm_Horizontal,Conn_01x04_Socket,tht,True
163.195,-107.95,0.0,top,Q1,,SOT-23,2N7002,smt,True
154.94,-94.615,0.0,top,R1,,R_0603_1608Metric,820k,smt,True
166.37,-95.885,180.0,top,R2,,R_0603_1608Metric,1M,smt,True
161.925,-104.14,-90.0,top,R3,,R_0603_1608Metric,100,smt,True
160.02,-107.95,-90.0,top,R4,,R_0603_1608Metric,100k,smt,True
166.37,-99.695,180.0,top,R5,,R_0603_1608Metric,4k7,smt,True
160.59,-97.79,0.0,top,U1,,SO-14_3.9x8.65mm_P1.27mm,NA556,smt,True
