﻿designator,quantity,value,pack,mpn,mount_type
BT1,1,Battery,PinHeader_1x02_P2.54mm_Vertical,,tht
C1,1,0.0033uF,C_Disc_D5.0mm_W2.5mm_P2.50mm,,tht
C2,1,0.033uF,C_Disc_D5.0mm_W2.5mm_P5.00mm,,tht
"C3, C4, C5",3,4.7uF,CP_Radial_D5.0mm_P2.50mm,,tht
C6,1,10uF,CP_Radial_D5.0mm_P2.50mm,,tht
C7,1,47uF,CP_Radial_D5.0mm_P2.50mm,,tht
C8,1,100uF,CP_Radial_D6.3mm_P2.50mm,,tht
D1,1,Red LED,LED_D3.0mm,,tht
J1,1,input,CUI_SJ1-3525N,,tht
J2,1,aux speaker out,CUI_SJ1-3525N,,tht
LS1,1,Speaker,PinHeader_1x02_P2.54mm_Vertical,,tht
Q1,1,2SC1815,TO-92_Inline_Wide,,tht
R1,1,82K,R_Axial_DIN0207_L6.3mm_D2.5mm_P10.16mm_Horizontal,,tht
R2,1,6.8K,R_Axial_DIN0207_L6.3mm_D2.5mm_P10.16mm_Horizontal,,tht
"R3, R5",2,10K,R_Axial_DIN0207_L6.3mm_D2.5mm_P10.16mm_Horizontal,,tht
R4,1,270,R_Axial_DIN0207_L6.3mm_D2.5mm_P10.16mm_Horizontal,,tht
R6,1,10,R_Axial_DIN0207_L6.3mm_D2.5mm_P10.16mm_Horizontal,,tht
R7,1,680,R_Axial_DIN0207_L6.3mm_D2.5mm_P10.16mm_Horizontal,,tht
RV1,1,5K,allen bradlet thumbwheel pot,,tht
SW1,1,SW_SPDT,PinHeader_1x03_P2.54mm_Vertical,,tht
U1,1,LM386,DIP-8_W7.62mm,,tht
