﻿pos_x,pos_y,rotation,side,designator,mpn,pack,value,mount_type,place
72.39,-83.82,90.0,top,BT1,,PinHeader_1x02_P2.54mm_Vertical,Battery,tht,True
69.255,-63.5,0.0,top,C1,,C_Disc_D5.0mm_W2.5mm_P2.50mm,0.0033uF,tht,True
88.9,-73.025,-90.0,top,C2,,C_Disc_D5.0mm_W2.5mm_P5.00mm,0.033uF,tht,True
69.215,-57.785,90.0,top,C3,,CP_Radial_D5.0mm_P2.50mm,4.7uF,tht,True
77.47,-57.785,0.0,top,C4,,CP_Radial_D5.0mm_P2.50mm,4.7uF,tht,True
72.39,-46.355,180.0,top,C5,,CP_Radial_D5.0mm_P2.50mm,4.7uF,tht,True
83.82,-57.785,0.0,top,C6,,CP_Radial_D5.0mm_P2.50mm,10uF,tht,True
84.455,-75.565,180.0,top,C7,,CP_Radial_D5.0mm_P2.50mm,47uF,tht,True
68.58,-80.645,180.0,top,C8,,CP_Radial_D6.3mm_P2.50mm,100uF,tht,True
75.56,-45.085,0.0,top,D1,,LED_D3.0mm,Red LED,tht,True
55.88,-68.58,0.0,top,J1,,CUI_SJ1-3525N,input,tht,True
55.88,-81.915,0.0,top,J2,,CUI_SJ1-3525N,aux speaker out,tht,True
66.04,-86.36,90.0,top,LS1,,PinHeader_1x02_P2.54mm_Vertical,Speaker,tht,True
71.12,-73.935,180.0,top,Q1,,TO-92_Inline_Wide,2SC1815,tht,True
66.04,-60.325,-90.0,top,R1,,R_Axial_DIN0207_L6.3mm_D2.5mm_P10.16mm_Horizontal,82K,tht,True
73.66,-60.325,90.0,top,R2,,R_Axial_DIN0207_L6.3mm_D2.5mm_P10.16mm_Horizontal,6.8K,tht,True
86.995,-53.34,180.0,top,R3,,R_Axial_DIN0207_L6.3mm_D2.5mm_P10.16mm_Horizontal,10K,tht,True
74.295,-68.58,-90.0,top,R4,,R_Axial_DIN0207_L6.3mm_D2.5mm_P10.16mm_Horizontal,270,tht,True
77.47,-68.58,-90.0,top,R5,,R_Axial_DIN0207_L6.3mm_D2.5mm_P10.16mm_Horizontal,10K,tht,True
88.265,-81.915,180.0,top,R6,,R_Axial_DIN0207_L6.3mm_D2.5mm_P10.16mm_Horizontal,10,tht,True
86.995,-50.165,180.0,top,R7,,R_Axial_DIN0207_L6.3mm_D2.5mm_P10.16mm_Horizontal,680,tht,True
57.805,-48.45,0.0,top,RV1,,allen bradlet thumbwheel pot,5K,tht,True
53.34,-92.71,0.0,top,SW1,,PinHeader_1x03_P2.54mm_Vertical,SW_SPDT,tht,True
81.28,-62.23,0.0,top,U1,,DIP-8_W7.62mm,LM386,tht,True
