﻿pos_x,pos_y,rotation,side,designator,mpn,pack,value,mount_type,place
126.0,-92.456,0.0,top,C1,,C_0603_1608Metric,10uF,smt,True
126.0,-90.0,0.0,top,C2,,C_0603_1608Metric,100nF,smt,True
104.0,-88.0,0.0,top,C3,,C_0603_1608Metric,10uF,smt,True
128.0,-82.5,90.0,top,D1,,LED_0603_1608Metric_Pad1.05x0.95mm_HandSolder,POWER,smt,True
173.0,-117.875,-90.0,top,D10,,LED_0603_1608Metric_Pad1.05x0.95mm_HandSolder,LED,smt,True
150.0,-117.875,-90.0,top,D11,,LED_0603_1608Metric_Pad1.05x0.95mm_HandSolder,LED,smt,True
156.0,-117.875,-90.0,top,D12,,LED_0603_1608Metric_Pad1.05x0.95mm_HandSolder,LED,smt,True
161.5,-117.875,-90.0,top,D13,,LED_0603_1608Metric_Pad1.05x0.95mm_HandSolder,LED,smt,True
167.5,-117.875,-90.0,top,D14,,LED_0603_1608Metric_Pad1.05x0.95mm_HandSolder,LED,smt,True
178.5,-117.875,-90.0,top,D15,,LED_0603_1608Metric_Pad1.05x0.95mm_HandSolder,LED,smt,True
184.5,-117.875,-90.0,top,D16,,LED_0603_1608Metric_Pad1.05x0.95mm_HandSolder,LED,smt,True
190.0,-117.875,-90.0,top,D17,,LED_0603_1608Metric_Pad1.05x0.95mm_HandSolder,LED,smt,True
127.0,-117.875,-90.0,top,D2,,LED_0603_1608Metric_Pad1.05x0.95mm_HandSolder,LED,smt,True
104.0,-117.825,-90.0,top,D3,,LED_0603_1608Metric_Pad1.05x0.95mm_HandSolder,LED,smt,True
109.735,-117.875,-90.0,top,D4,,LED_0603_1608Metric_Pad1.05x0.95mm_HandSolder,LED,smt,True
115.5,-117.875,-90.0,top,D5,,LED_0603_1608Metric_Pad1.05x0.95mm_HandSolder,LED,smt,True
121.275,-117.875,-90.0,top,D6,,LED_0603_1608Metric_Pad1.05x0.95mm_HandSolder,LED,smt,True
132.5,-117.875,-90.0,top,D7,,LED_0603_1608Metric_Pad1.05x0.95mm_HandSolder,LED,smt,True
139.0,-117.875,-90.0,top,D8,,LED_0603_1608Metric_Pad1.05x0.95mm_HandSolder,LED,smt,True
144.5,-117.875,-90.0,top,D9,,LED_0603_1608Metric_Pad1.05x0.95mm_HandSolder,LED,smt,True
116.192,-96.275,0.0,top,IC1,,SOP65P640X120-24N,PCF8575PWR,smt,True
108.364,-125.44,0.0,top,J1,,"TerminalBlock_Phoenix_MKDS-1,5-4_1x04_P5.00mm_Horizontal",Conn_01x04,tht,True
197.946,-125.313,0.0,top,J10,,"TerminalBlock_Phoenix_MKDS-1,5-2_1x02_P5.00mm_Horizontal",power in,tht,True
131.097,-125.313,0.0,top,J2,,"TerminalBlock_Phoenix_MKDS-1,5-4_1x04_P5.00mm_Horizontal",Conn_01x04,tht,True
153.703,-125.313,0.0,top,J3,,"TerminalBlock_Phoenix_MKDS-1,5-4_1x04_P5.00mm_Horizontal",Conn_01x04,tht,True
176.309,-125.313,0.0,top,J4,,"TerminalBlock_Phoenix_MKDS-1,5-4_1x04_P5.00mm_Horizontal",Conn_01x04,tht,True
126.0,-87.0,0.0,top,J5,,PinHeader_1x01_P2.54mm_Vertical,Conn_01x01,tht,True
130.5,-91.0,0.0,top,J6,,PinHeader_1x01_P2.54mm_Vertical,Conn_01x01,tht,True
110.236,-83.82,180.0,top,J7,,JST_SH_SM04B-SRSS-TB_1x04-1MP_P1.00mm_Horizontal,qwiic 1,smt,True
102.235,-83.82,180.0,top,J8,,JST_SH_SM04B-SRSS-TB_1x04-1MP_P1.00mm_Horizontal,qwiic 2,smt,True
99.0,-95.544,180.0,top,J9,,PinHeader_1x04_P2.54mm_Vertical,i2c test points,tht,True
116.713,-85.852,90.0,top,JP1,,SolderJumper-2_P1.3mm_Open_RoundedPad1.0x1.5mm,Jumper_2_Open,tht,True
119.38,-85.852,90.0,top,JP2,,SolderJumper-2_P1.3mm_Open_RoundedPad1.0x1.5mm,Jumper_2_Open,tht,True
122.047,-85.852,90.0,top,JP3,,SolderJumper-2_P1.3mm_Open_RoundedPad1.0x1.5mm,Jumper_2_Open,tht,True
125.0,-82.5,90.0,top,R1,,R_0603_1608Metric,4.7K,smt,True
106.0,-117.825,-90.0,top,R10,,R_0603_1608Metric,10k,smt,True
107.5,-117.825,-90.0,top,R11,,R_0603_1608Metric,6.8k,smt,True
111.5,-117.825,-90.0,top,R12,,R_0603_1608Metric,10k,smt,True
113.0,-117.825,-90.0,top,R13,,R_0603_1608Metric,6.8k,smt,True
117.5,-117.825,-90.0,top,R14,,R_0603_1608Metric,10k,smt,True
119.0,-117.825,-90.0,top,R15,,R_0603_1608Metric,6.8k,smt,True
123.0,-117.825,-90.0,top,R16,,R_0603_1608Metric,10k,smt,True
124.5,-117.825,-90.0,top,R17,,R_0603_1608Metric,6.8k,smt,True
134.5,-117.825,-90.0,top,R18,,R_0603_1608Metric,10k,smt,True
136.0,-117.825,-90.0,top,R19,,R_0603_1608Metric,6.8k,smt,True
116.713,-82.58,90.0,top,R2,,R_0603_1608Metric,10k,smt,True
141.0,-117.825,-90.0,top,R20,,R_0603_1608Metric,10k,smt,True
142.5,-117.825,-90.0,top,R21,,R_0603_1608Metric,6.8k,smt,True
146.5,-117.825,-90.0,top,R22,,R_0603_1608Metric,10k,smt,True
148.0,-117.825,-90.0,top,R23,,R_0603_1608Metric,6.8k,smt,True
175.0,-117.825,-90.0,top,R24,,R_0603_1608Metric,10k,smt,True
176.5,-117.825,-90.0,top,R25,,R_0603_1608Metric,6.8k,smt,True
152.0,-117.825,-90.0,top,R26,,R_0603_1608Metric,10k,smt,True
153.5,-117.825,-90.0,top,R27,,R_0603_1608Metric,6.8k,smt,True
158.0,-117.825,-90.0,top,R28,,R_0603_1608Metric,10k,smt,True
159.5,-117.825,-90.0,top,R29,,R_0603_1608Metric,6.8k,smt,True
119.38,-82.565,90.0,top,R3,,R_0603_1608Metric,10k,smt,True
163.5,-117.825,-90.0,top,R30,,R_0603_1608Metric,10k,smt,True
165.0,-117.825,-90.0,top,R31,,R_0603_1608Metric,6.8k,smt,True
169.5,-117.825,-90.0,top,R32,,R_0603_1608Metric,10k,smt,True
171.0,-117.825,-90.0,top,R33,,R_0603_1608Metric,6.8k,smt,True
180.5,-117.825,-90.0,top,R34,,R_0603_1608Metric,10k,smt,True
182.0,-117.825,-90.0,top,R35,,R_0603_1608Metric,6.8k,smt,True
186.5,-117.825,-90.0,top,R36,,R_0603_1608Metric,10k,smt,True
188.0,-117.825,-90.0,top,R37,,R_0603_1608Metric,6.8k,smt,True
192.0,-117.825,-90.0,top,R38,,R_0603_1608Metric,10k,smt,True
193.5,-117.825,-90.0,top,R39,,R_0603_1608Metric,6.8k,smt,True
122.047,-82.565,90.0,top,R4,,R_0603_1608Metric,10k,smt,True
131.064,-121.92,-90.0,bottom,R40,,R_0603_1608Metric,4.7k,smt,True
108.331,-121.92,-90.0,bottom,R41,,R_0603_1608Metric,4.7k,smt,True
113.284,-121.92,-90.0,bottom,R42,,R_0603_1608Metric,4.7k,smt,True
118.364,-121.92,-90.0,bottom,R43,,R_0603_1608Metric,4.7k,smt,True
123.444,-121.92,-90.0,bottom,R44,,R_0603_1608Metric,4.7k,smt,True
136.144,-121.92,-90.0,bottom,R45,,R_0603_1608Metric,4.7k,smt,True
141.097,-121.92,-90.0,bottom,R46,,R_0603_1608Metric,4.7k,smt,True
146.05,-121.92,-90.0,bottom,R47,,R_0603_1608Metric,4.7k,smt,True
176.276,-121.92,-90.0,bottom,R48,,R_0603_1608Metric,4.7k,smt,True
153.67,-121.92,-90.0,bottom,R49,,R_0603_1608Metric,4.7k,smt,True
113.0,-90.0,-90.0,top,R5,,R_0603_1608Metric,10k,smt,True
158.75,-121.92,-90.0,bottom,R50,,R_0603_1608Metric,4.7k,smt,True
163.703,-121.92,-90.0,bottom,R51,,R_0603_1608Metric,4.7k,smt,True
168.783,-121.92,-90.0,bottom,R52,,R_0603_1608Metric,4.7k,smt,True
181.229,-121.92,-90.0,bottom,R53,,R_0603_1608Metric,4.7k,smt,True
186.309,-121.92,-90.0,bottom,R54,,R_0603_1608Metric,4.7k,smt,True
191.262,-121.92,-90.0,bottom,R55,,R_0603_1608Metric,4.7k,smt,True
105.0,-96.0,180.0,top,R6,,R_0603_1608Metric,10k,smt,True
105.0,-93.0,180.0,top,R7,,R_0603_1608Metric,10k,smt,True
129.0,-117.825,-90.0,top,R8,,R_0603_1608Metric,10k,smt,True
130.5,-117.825,-90.0,top,R9,,R_0603_1608Metric,6.8k,smt,True
127.725,-114.8,90.0,top,U1,,DIP-4_W7.62mm,PC817,tht,True
150.725,-114.8,90.0,top,U10,,DIP-4_W7.62mm,PC817,tht,True
156.5,-114.8,90.0,top,U11,,DIP-4_W7.62mm,PC817,tht,True
162.225,-114.8,90.0,top,U12,,DIP-4_W7.62mm,PC817,tht,True
168.0,-114.8,90.0,top,U13,,DIP-4_W7.62mm,PC817,tht,True
179.5,-114.8,90.0,top,U14,,DIP-4_W7.62mm,PC817,tht,True
185.225,-114.8,90.0,top,U15,,DIP-4_W7.62mm,PC817,tht,True
191.0,-114.8,90.0,top,U16,,DIP-4_W7.62mm,PC817,tht,True
104.725,-114.8,90.0,top,U2,,DIP-4_W7.62mm,PC817,tht,True
110.46,-114.8,90.0,top,U3,,DIP-4_W7.62mm,PC817,tht,True
116.225,-114.8,90.0,top,U4,,DIP-4_W7.62mm,PC817,tht,True
122.0,-114.8,90.0,top,U5,,DIP-4_W7.62mm,PC817,tht,True
133.5,-114.8,90.0,top,U6,,DIP-4_W7.62mm,PC817,tht,True
139.225,-114.8,90.0,top,U7,,DIP-4_W7.62mm,PC817,tht,True
145.0,-114.8,90.0,top,U8,,DIP-4_W7.62mm,PC817,tht,True
173.725,-114.8,90.0,top,U9,,DIP-4_W7.62mm,PC817,tht,True
