﻿designator,quantity,value,pack,mpn,mount_type
"C1, C3",2,10uF,C_0603_1608Metric,,smt
C2,1,100nF,C_0603_1608Metric,,smt
D1,1,POWER,LED_0603_1608Metric_Pad1.05x0.95mm_HandSolder,,smt
"D10, D11, D12, D13, D14, D15, D16, D17, D2, D3, D4, D5, D6, D7, D8, D9",16,LED,LED_0603_1608Metric_Pad1.05x0.95mm_HandSolder,,smt
IC1,1,PCF8575PWR,SOP65P640X120-24N,,smt
"J1, J2, J3, J4",4,Conn_01x04,"TerminalBlock_Phoenix_MKDS-1,5-4_1x04_P5.00mm_Horizontal",,tht
J10,1,power in,"TerminalBlock_Phoenix_MKDS-1,5-2_1x02_P5.00mm_Horizontal",,tht
"J5, J6",2,Conn_01x01,PinHeader_1x01_P2.54mm_Vertical,,tht
J7,1,qwiic 1,JST_SH_SM04B-SRSS-TB_1x04-1MP_P1.00mm_Horizontal,,smt
J8,1,qwiic 2,JST_SH_SM04B-SRSS-TB_1x04-1MP_P1.00mm_Horizontal,,smt
J9,1,i2c test points,PinHeader_1x04_P2.54mm_Vertical,,tht
"JP1, JP2, JP3",3,Jumper_2_Open,SolderJumper-2_P1.3mm_Open_RoundedPad1.0x1.5mm,,tht
R1,1,4.7K,R_0603_1608Metric,,smt
"R10, R12, R14, R16, R18, R2, R20, R22, R24, R26, R28, R3, R30, R32, R34, R36, R38, R4, R5, R6, R7, R8",22,10k,R_0603_1608Metric,,smt
"R11, R13, R15, R17, R19, R21, R23, R25, R27, R29, R31, R33, R35, R37, R39, R9",16,6.8k,R_0603_1608Metric,,smt
"R40, R41, R42, R43, R44, R45, R46, R47, R48, R49, R50, R51, R52, R53, R54, R55",16,4.7k,R_0603_1608Metric,,smt
"U1, U10, U11, U12, U13, U14, U15, U16, U2, U3, U4, U5, U6, U7, U8, U9",16,PC817,DIP-4_W7.62mm,,tht
